"filename","content"
"image_1.png","1TW52 T5DT 7R8HZ"
"image_2.png","749JTF V5S SQI3Y 59U6"
"image_3.png","5OQ7EO V7OMEZ LSHSS"
"image_4.png","3XCF QZ6 514"
"image_5.png","JKRMOQ K3B0KU"
"image_6.png","4NQLJ VTS1WS"
"image_7.png","9ALD 20SQP 77R VXIB2U"
"image_8.png","5MI 43OS"
"image_9.png","1CX PGC 1LNWD2"
"image_10.png","24HE 60Z"
"image_11.png","OP8 G22 V582"
"image_12.png","W46 X69 JNN2 616LA"
"image_13.png","C03FW5 N7NRE NS5V0 AEKX1"
"image_14.png","QL5 98A7"
"image_15.png","65C7K B55 8R6C"
"image_16.png","Y4PC6 OIIYD TWD"
"image_17.png","KN2DEY CPWG TZ9O"
"image_18.png","3AU PCVX6 V5MM1O GVSK"
"image_19.png","NOCQ O7ZC ECUKW6 19VI6V"
"image_20.png","NVTU QZ4GFC 7ZXA6M"
"image_21.png","6XU7 PVSH8 NCL9IO"
"image_22.png","6YVN2 QQ5G ICUL0L"
"image_23.png","HKRVD HO6D EEH6K 686N6X"
"image_24.png","H46BZ4 IPWTK JWB55"
"image_25.png","KBN0Z JGP4G CN6 DE4U3X"
"image_26.png","6ZQW5M G32H7"
"image_27.png","QP5 FEB"
"image_28.png","OURCRM R1C76 K42 LPDI21"
"image_29.png","XIXL 750 FJZ7EJ 0ZR"
"image_30.png","DXL Q3OG"
"image_31.png","SWT BRRZCF"
"image_32.png","3L84 7PY W7U8Y"
"image_33.png","NGTZ9 H2OZA8 IL2CID 2UBQ7"
"image_34.png","65FK13 HBM LAS9ZP PD1"
"image_35.png","U6O CD9G 4XCRG"
"image_36.png","IKXOGL 80611M"
"image_37.png","FMOUA X77 7K9T UT5MJ7"
"image_38.png","4LXG6 BLI 2ZU"
"image_39.png","C229A XPEI RT4YA"
"image_40.png","50GC2 0XC1F HCY AC0NZ"
"image_41.png","V49 LNLM J580T4 S9P6K"
"image_42.png","SOC9 0WWM3 Y746OJ AUXXY"
"image_43.png","DXHS 81YXH"
"image_44.png","PVIC ALR S00C3"
"image_45.png","A3U2 S8LWS ITR3"
"image_46.png","J2LDF 5D2SG FJ76"
"image_47.png","QFZQNC TCRF"
"image_48.png","KN02 2AYN5"
"image_49.png","Q4ULZ 9QC"
"image_50.png","KL2SD 2JJWUF"
"image_51.png","5YH ET6SWH 82RJ OIT"
"image_52.png","YCLXY MCN7 3RK"
"image_53.png","DTEHJ 0H4D8 IVPDDU"
"image_54.png","E6SQ IDO7"
"image_55.png","LVURPI YY3Z ILGZT"
"image_56.png","7JL3A4 FA2Y RHOS MG0S"
"image_57.png","NRCS NHW86"
"image_58.png","WUP PH74MW 5GQ5 LBEA"
"image_59.png","QQNO72 SQA UEL3V"
"image_60.png","3DH1 OGML 2YODO"
"image_61.png","M1RI 5YINB3 C9X9"
"image_62.png","0Y2LMF V7P 9DE 2KTRL"
"image_63.png","G9J12 RGU7B"
"image_64.png","EO7SEV 9DAF DEF1WG Y6L"
"image_65.png","G1GHON KPAH"
"image_66.png","2NW J04"
"image_67.png","ON6 TVYD0 K5MUP 9L8NM"
"image_68.png","U31LUK PU877J NWE"
"image_69.png","J9T D1XX"
"image_70.png","CR8N1 KIND 1B7F BRM"
"image_71.png","4WPV GGIUIV"
"image_72.png","NFCL4 3XRMOB SFO41"
"image_73.png","IBZ 3YO"
"image_74.png","L58KP PH9 BS4E KXTID"
"image_75.png","KKMR7 FZX9J"
"image_76.png","5N3U 28KK8 PT40R5 IRAQ"
"image_77.png","WM5 4TZPY Z270A 4ZS0"
"image_78.png","JX4 N0Q VHGEX 5FD1AI"
"image_79.png","XGZUS R2FJ3"
"image_80.png","QRNTZ N1ALJ 6ERZ"
"image_81.png","1DGW UKT"
"image_82.png","PKQ6 TPV"
"image_83.png","L1X WLZ"
"image_84.png","LP8SAW IG7MDH"
"image_85.png","CWT FXN T0C9 QSL7IW"
"image_86.png","HHI 3YP OVX 708RQ"
"image_87.png","1Q9KC 0BP UG558"
"image_88.png","ZQL DYLG S4AT"
"image_89.png","4WANJS X89"
"image_90.png","IF8QF SQIAI0"
"image_91.png","MVGS9T 1XH4Y5"
"image_92.png","Y798YS VBXKNF RDJ3E"
"image_93.png","ZMP 8B6KL 0HHO1"
"image_94.png","KF0GTS HMDL8"
"image_95.png","B17 BHIF 8HO"
"image_96.png","R9IP9 RJLM9N D8X"
"image_97.png","QGJK8R 2EB"
"image_98.png","U0X8 77J 0424M FZJ"
"image_99.png","GPQG OF24 0J54A GP4N"
"image_100.png","6ARE B3C4 7M5T37 XEXS7"
"image_101.png","CVB 06OIUN IF809"
"image_102.png","GRW8 W9H"
"image_103.png","TF7SO YARUS"
"image_104.png","FHQ TUL6 7P0E"
"image_105.png","7B7OH EA6TE 3YT B1K638"
"image_106.png","57R 2RO7 Z4O7C SIPRJ"
"image_107.png","USLPZ NC5PDO S4A7TP PWP"
"image_108.png","PSII MVSOC"
"image_109.png","EOW8R 3SSQ9N 33VCX4 N3FSAM"
"image_110.png","HAO MDGLUX YCLS"
"image_111.png","EAW D0S"
"image_112.png","D5H9WD ORJC9M 45G"
"image_113.png","WMD2 IGE76S T3RH0 MLV"
"image_114.png","KD7JUV VP1UW"
"image_115.png","M7ALX5 8G23HE HYZG"
"image_116.png","XPG F27"
"image_117.png","L7UML ADCO R0TLP J712"
"image_118.png","PJGQIF SUG"
"image_119.png","C2ODDQ XO5 YJHXY"
"image_120.png","80T 7ZMPLI U7R5 R35L"
"image_121.png","DNU2ID RXJ 3K5QC"
"image_122.png","RGVXX N1G5QU 5ZN"
"image_123.png","MB5 76S RSEQ"
"image_124.png","D7P BG1 2C3USE"
"image_125.png","GI5 15S J45 9JTX"
"image_126.png","NNPCP2 4LD2OZ TSYF"
"image_127.png","LNIP V5PZLC F620Z I24"
"image_128.png","F3V MO6D QEPQ9 5YQ04"
"image_129.png","ZVA 5JNH LCA34"
"image_130.png","0CIMM XWQ S4M 23QZA"
"image_131.png","1IR 904J 5P8H"
"image_132.png","RYU XUJWZF W4T"
"image_133.png","ERZ DRUP"
"image_134.png","IPLI 913MX"
"image_135.png","HZ98Y0 KKD0"
"image_136.png","ORV 8GED"
"image_137.png","XTFNU SLU2RZ"
"image_138.png","2E1 4EJM0 U8C17T 4DSA2D"
"image_139.png","NHH UMY XGA5"
"image_140.png","4H7 OHSI5 KNOPY DV3PO"
"image_141.png","BNR8Q Q2E84"
"image_142.png","NLH4VZ LVY XJU"
"image_143.png","WKST T1A 9UDC3J"
"image_144.png","K7NKS4 V3Z9 P8JLM"
"image_145.png","CY14I 1HV01 TKFEP"
"image_146.png","9N9I IT9LW ZM5 YNQ"
"image_147.png","V5MED8 36Q O68PDB XZAAS"
"image_148.png","OGIFW BA9D THB"
"image_149.png","JSD PCWN19 6MS"
"image_150.png","A7R TOL JY26"
"image_151.png","0A6 5CYX 13AHN JT6S"
"image_152.png","DV9NY0 LD2W1 DN46SI AGMMED"
"image_153.png","8C1 FC72 MAH0E"
"image_154.png","X5S QTB U5XS7"
"image_155.png","VJJFR P6DVZS FD98T"
"image_156.png","346 BDO"
"image_157.png","GE29 LEF BPS 69W"
"image_158.png","IMKKEU V5A2X4"
"image_159.png","7R89 RSNM"
"image_160.png","GXR GRZSRE MN8IP 9DQ"
"image_161.png","4V1 8HR7R0"
"image_162.png","SVYB3W V0ED"
"image_163.png","8RX N77"
"image_164.png","KMA WINDO 9MC KD5RX"
"image_165.png","VANB5 LGW E588 23RDAH"
"image_166.png","0HNK3 6FN"
"image_167.png","P0EZ1P L7FCI"
"image_168.png","GG6L7 QGPK HCAQAU 3BYLY"
"image_169.png","1P96 PWCEC"
"image_170.png","XJ3M EFH FCRR"
"image_171.png","95T18 98W JOQK7 LFECEG"
"image_172.png","ETELCZ W8GTCL WHIZ4 QWYJ"
"image_173.png","RQCIB M34YFV"
"image_174.png","X72 M0L"
"image_175.png","OHU Y4QN8 3GMF JO8CLF"
"image_176.png","XMGC7 0Y58JB N65QH"
"image_177.png","UDD Y0ODH TKAS8R JZSLJQ"
"image_178.png","T9G YZRNE W2LJ 4JYK"
"image_179.png","JSF6U LCP1K 9L15 JITE"
"image_180.png","QDBLAB 2P7B CNQ27 9S9"
"image_181.png","P72HV4 AOOY"
"image_182.png","PJ6 0J1L XI0A1Q"
"image_183.png","1MB2HS F37YC"
"image_184.png","724 1R7P2H R1JNG1 DCI8F"
"image_185.png","NH7D 1I6S YNPU6 VUIZYK"
"image_186.png","D4NR8S JIFD LU5IR 6JB"
"image_187.png","EQY9 FFL32 P2KM3"
"image_188.png","3VMVW HUJL"
"image_189.png","FYZR22 TTQ"
"image_190.png","SXYU3Z UE1JSF"
"image_191.png","G85P S4BF FGD"
"image_192.png","852TD 0DL V5I"
"image_193.png","ZCH 00HJJ LSBH Z7ZQQ"
"image_194.png","QOZ60W V3EJ6Y P5OB Z5Z"
"image_195.png","8VZ8MI 3C3BK5"
"image_196.png","2SU0R M0P 636P QAD"
"image_197.png","0LX TITRN"
"image_198.png","44RTK 11IVN3"
"image_199.png","5E9AC NNQ DF04NN G0E2J"
"image_200.png","145VMZ Z0K 3QL"
